numA,numB,winrateA
390,47,0.44
125,324,0.32
601,22,0.77
115,302,0.59
602,766,0.12
19,52,0.51
538,506,0.94
164,371,0.64
211,584,0.52
81,136,0.16
284,569,0.54
295,413,0.81
289,521,0.59
154,488,0.65
617,319,0.4
318,94,0.45
473,734,0.92
701,627,0.51
821,215,0.21
674,810,0.65
520,56,0.67
449,342,0.18
361,142,0.25
482,693,0.46
809,53,0.93
473,332,0.5
240,240,0.52
739,534,0.19
276,490,0.06
130,757,0.89
645,793,0.7
285,567,0.09
246,170,0.37
367,655,0.68
341,749,0.38
57,595,0.85
718,174,0.93
224,649,0.31
307,582,0.59
775,103,0.48
342,259,0.63
820,219,0.58
267,773,0.19
13,242,0.18
812,124,0.83
825,623,0.23
791,90,0.96
798,661,0.81
554,387,0.71
15,577,0.89
74,75,0.34
758,157,0.34
20,495,0.79
536,780,0.21
463,173,0.87
549,725,0.59
414,740,0.36
387,139,0.37
475,736,0.77
567,317,0.7
413,639,0.29
5,245,0.16
696,209,0.65
277,572,0.63
237,427,0.87
437,319,0.49
49,338,0.43
481,283,0.84
53,768,0.18
252,414,0.17
776,793,0.43
670,791,0
355,649,0.16
304,288,0.4
119,481,0.47
30,502,0.47
74,299,0.56
400,344,0.59
776,312,0.89
398,144,0.37
668,618,0.28
32,680,0.05
737,402,0.54
123,121,0.51
142,288,0.58
143,352,0.83
471,352,0.5
831,554,0.2
657,492,0.21
373,62,0.63
133,428,0.24
102,523,0.3
344,695,0.57
81,173,0.81
719,297,0.4
169,256,0.68
44,289,0.4
575,570,0.37
135,166,0.83
677,39,0.4
330,587,0.83
209,682,0.56
101,100,0.73
511,182,0.16
233,122,0.71
683,205,0.29
724,644,0.39
17,679,0.27
191,311,0.25
509,546,0.49
308,562,0.47
703,770,0.35
269,29,0.66
375,488,0.59
813,565,0.01
112,459,0.53
533,734,0.87
647,293,0.92
57,239,0.86
4,382,0.03
129,67,0.01
203,760,0.2
740,811,0.68
67,675,0.43
797,319,0.8
735,34,0.37
765,201,0.5
334,783,0.62
570,66,0.22
550,115,0.39
686,696,0.1
120,98,0.54
626,621,0.65
806,90,0.67
661,7,0.32
638,500,0.32
217,806,0.47
87,10,0.97
409,648,0.56
7,694,0.55
328,793,0.35
246,615,0.36
187,386,0.13
165,257,0.04
430,787,0.48
387,656,0.71
76,590,0.64
434,28,0.17
532,375,0.38
570,308,0.3
261,747,0.31
719,239,0.79
432,78,0.41
627,527,0.84
721,481,0.51
646,665,0.99
300,216,0.26
530,564,0.6
524,324,0.24
81,507,0.47
174,233,0.07
172,825,0.15
37,309,0.46
421,245,0.32
762,696,0.2
452,272,0.74
695,495,0.74
369,53,0.77
551,181,0.32
751,609,0.26
631,774,0.48
130,521,0.72
234,272,0.47
320,264,0.39
689,148,0.85
478,193,0.81
140,476,0.31
146,638,0.72
252,196,0.2
132,618,0.25
646,748,0.78
227,574,0.94
507,351,0.61
759,792,0.14
670,264,0.32
640,97,0.55
291,832,0.19
773,478,0.64
94,422,0.67
536,9,0.25
760,304,0.79
480,697,0.47
832,688,0.78
487,647,0.93
100,269,0.21
764,275,0.45
9,658,0.65
36,394,0.76
439,480,0.17
77,468,0.37
27,774,0.37
35,708,0.46
468,469,0.67
670,18,0.2
448,707,0.76
397,197,0.3
245,832,0.58
598,388,0.82
801,44,0.67
682,580,0.44
354,703,0.54
222,752,0.39
209,14,0.82
540,387,0.55